01-10-2021 15:55;778390599;/start
08-10-2021 13:01;778390599;/start
08-10-2021 13:01;778390599;/start
08-10-2021 13:01;778390599;/start
08-10-2021 13:01;778390599;/start
08-10-2021 13:01;778390599;/start
08-10-2021 13:01;778390599;/start
08-10-2021 13:45;778390599;/start
08-10-2021 13:47;778390599;/start
08-10-2021 13:48;778390599;/start
08-10-2021 13:48;778390599;/start
08-10-2021 13:49;778390599;/start
08-10-2021 13:49;778390599;/start
08-10-2021 13:49;778390599;/start
08-10-2021 13:49;778390599;/start
08-10-2021 13:49;778390599;/start
08-10-2021 13:49;778390599;/start
08-10-2021 13:49;778390599;/start
